email,password
cchildre@westga.edu,test
condimentum.eget@ante.org,MUI26HVZ0YE
justo.sit@pedenonummy.ca,ICQ53EPJ9OS
In.faucibus@faucibusMorbi.ca,JBB03TAF4EH
nec.euismod@viverra.ca,ZPN16IWU3AB
Aliquam@turpis.edu,GYD29SPK5LU
sed@Sednecmetus.co.uk,HMA72MPH3FR
non.justo.Proin@atrisus.org,SOK04GXG6NI
fringilla@aliquet.com,DKG75XCK2CS
non.bibendum.sed@aliquamerosturpis.com,DYR03ZCO3UH
neque.tellus@libero.ca,AYK85VTO1YA
euismod@interdumSedauctor.edu,HNK08DMC0PE
Vivamus.sit@turpisegestasFusce.org,NUP34NAH7DE
ipsum@pharetra.org,JIG99KPY7GP
lectus.Nullam.suscipit@nonleo.edu,VBB50ANM9HO
mus.Donec.dignissim@Utsagittis.com,XDV95WSM5OF
consectetuer@ametluctusvulputate.org,BMV87CWP7ZO
semper.Nam@orci.co.uk,UTS13ZUY7CW
arcu.Vestibulum@hymenaeos.org,MYE56RLO3FK
vestibulum@vitaemaurissit.co.uk,QRD65EOP2SI
Suspendisse@quamquisdiam.co.uk,PEB85YUF6EM
elit@tinciduntorci.net,EYD14RLJ9TC
aliquet.vel@dignissimlacusAliquam.com,ZLJ99BVK4QK
velit@libero.co.uk,QRX92REW0LT
in.magna@sed.com,BAN15FKC8II
libero@vestibulumneque.net,ETM09NTD6SU
dictum@ametluctusvulputate.ca,VCL08RWC3TN
amet.consectetuer@velpedeblandit.co.uk,MVH54PPR8WH
non.dui@nulla.co.uk,XBS46NWU9HN
in.sodales.elit@scelerisquescelerisque.com,UEK34RYE8UQ